{
  "version": 1,
  "author": "victor kakai",
  "editor": "wokwi",
  "parts": [
    { "type": "wokwi-arduino-uno", "id": "uno", "top": 0, "left": 0, "attrs": {} },
    {
      "type": "wokwi-led",
      "id": "led1",
      "top": 159.6,
      "left": 387.8,
      "attrs": { "color": "green" }
    },
    {
      "type": "wokwi-led",
      "id": "led2",
      "top": 159.6,
      "left": 330.2,
      "attrs": { "color": "yellow" }
    },
    { "type": "wokwi-led", "id": "led3", "top": 159.6, "left": 455, "attrs": { "color": "red" } },
    { "type": "wokwi-potentiometer", "id": "pot1", "top": 238.7, "left": 38.2, "attrs": {} },
    {
      "type": "wokwi-led",
      "id": "led4",
      "top": 294,
      "left": 388.2,
      "attrs": { "color": "orange", "flip": "1" }
    },
    {
      "type": "wokwi-led",
      "id": "led5",
      "top": 294,
      "left": 445.8,
      "attrs": { "color": "blue", "flip": "" }
    },
    { "type": "chip", "id": "l298n", "top": 118.4, "left": 122.4, "attrs": { "label": "L298N" } },
    { "type": "chip-l298n", "id": "chip1", "top": -238.98, "left": 52.8, "attrs": {} },
    { "type": "chip", "id": "l298n", "top": 118.4, "left": 122.4, "attrs": { "label": "L298N" } },
    { "type": "chip-l298n", "id": "chip2", "top": -114.18, "left": 273.6, "attrs": {} },
    { "type": "wokwi-gnd", "id": "gnd1", "top": -297.6, "left": 287.4, "attrs": {} },
    { "type": "wokwi-vcc", "id": "vcc1", "top": -239.24, "left": 451.2, "attrs": {} },
    {
      "type": "wokwi-resistor",
      "id": "r1",
      "top": -63.25,
      "left": 460.8,
      "attrs": { "value": "100" }
    },
    {
      "type": "wokwi-led",
      "id": "led6",
      "top": -109.2,
      "left": 570.2,
      "attrs": { "color": "blue" }
    },
    {
      "type": "wokwi-led",
      "id": "led7",
      "top": -147.6,
      "left": 531.8,
      "attrs": { "color": "blue" }
    },
    {
      "type": "wokwi-resistor",
      "id": "r2",
      "top": -82.45,
      "left": 460.8,
      "attrs": { "value": "100" }
    },
    {
      "type": "wokwi-led",
      "id": "led8",
      "top": -205.2,
      "left": 311,
      "attrs": { "color": "blue" }
    },
    {
      "type": "wokwi-led",
      "id": "led9",
      "top": -253.2,
      "left": 301.4,
      "attrs": { "color": "blue" }
    },
    {
      "type": "wokwi-resistor",
      "id": "r3",
      "top": -178.45,
      "left": 220.8,
      "attrs": { "value": "1000" }
    },
    {
      "type": "wokwi-resistor",
      "id": "r4",
      "top": -207.25,
      "left": 220.8,
      "attrs": { "value": "1000" }
    }
  ],
  "connections": [
    [ "uno:GND.2", "led3:C", "black", [ "v58.1", "h300.9" ] ],
    [
      "led2:C",
      "uno:GND.2",
      "black",
      [
        "v48",
        "h0.4",
        "v0",
        "h0",
        "v0",
        "h0",
        "v0",
        "h0",
        "v0",
        "h0",
        "v0",
        "h0",
        "v0",
        "h0",
        "v0",
        "h0",
        "v0",
        "h0",
        "v0",
        "h0"
      ]
    ],
    [ "led1:C", "uno:GND.2", "black", [ "v48", "h0.4" ] ],
    [ "uno:A5", "led1:A", "green", [ "v29.3", "h90.1" ] ],
    [ "uno:A4", "led2:A", "gold", [ "v38.9", "h166.8" ] ],
    [ "uno:A3", "led3:A", "#8f4814", [ "v48.5", "h243.5" ] ],
    [ "pot1:GND", "uno:GND.2", "black", [ "v38.4", "h102.3" ] ],
    [ "pot1:VCC", "uno:5V", "red", [ "v9.6", "h66.4" ] ],
    [ "pot1:SIG", "uno:A0", "blue", [ "v19.2", "h143.6" ] ],
    [ "chip1:IN2", "uno:11", "gold", [ "h-48", "v86.4", "h201.6" ] ],
    [ "chip1:IN1", "uno:12", "green", [ "h-57.6", "v105.6", "h201.6" ] ],
    [ "chip2:IN2", "uno:5", "gold", [ "h-57.6" ] ],
    [ "chip2:IN3", "uno:4", "green", [ "h-48" ] ],
    [ "chip1:GND", "uno:GND.1", "black", [ "h21.01", "v0" ] ],
    [ "chip2:EN B", "uno:3", "purple", [ "h-48" ] ],
    [ "chip2:IN4", "uno:2", "green", [ "h0" ] ],
    [ "chip2:IN1", "uno:7", "green", [ "h0" ] ],
    [ "chip2:EN A", "uno:6", "purple", [ "h0" ] ],
    [ "chip1:EN B", "uno:10", "purple", [ "h-38.4", "v48", "h201.6" ] ],
    [ "chip1:EN A", "uno:9", "purple", [ "h-28.8", "v86.4", "h201.6" ] ],
    [ "chip1:IN4", "uno:8", "gold", [ "h-19.2", "v38.4", "h201.6" ] ],
    [ "chip1:IN3", "uno:13", "green", [ "h-67.2", "v96", "h201.6" ] ],
    [ "gnd1:GND", "chip2:GND", "black", [ "v0", "h86.4", "v76.8" ] ],
    [ "led5:C", "led4:C", "black", [ "v0" ] ],
    [ "led4:A", "uno:A2", "green", [ "v0", "h-172.4" ] ],
    [ "uno:GND.2", "led4:C", "black", [ "v163.7", "h243.3" ] ],
    [ "led5:A", "uno:A1", "green", [ "v28.8", "h-250" ] ],
    [ "chip2:24V", "uno:5V", "red", [ "h30.61", "v249.6", "h144", "v172.8", "h-384" ] ],
    [ "chip2:OUT4", "r1:1", "#8f4814", [ "v0" ] ],
    [ "r1:2", "led6:A", "#8f4814", [ "v9.6", "h85.2" ] ],
    [ "led6:C", "chip2:OUT3", "black", [ "v0", "h-57.2", "v-19.2" ] ],
    [ "chip2:OUT2", "r2:1", "#8f4814", [ "h0" ] ],
    [ "r2:2", "led7:A", "#8f4814", [ "v0", "h27.6" ] ],
    [ "chip2:OUT1", "led7:C", "#8f4814", [ "h59.41", "v-9.6", "h9.6" ] ],
    [ "chip1:GND", "gnd1:GND", "black", [ "h97.81", "v-38.4" ] ],
    [ "chip1:OUT4", "r3:1", "#8f4814", [ "v0", "h59.41" ] ],
    [ "led8:A", "r3:2", "#8f4814", [ "v9.6", "h-48" ] ],
    [ "led8:C", "chip1:OUT3", "black", [ "v0", "h-28.4", "v-28.8" ] ],
    [ "chip1:OUT2", "r4:1", "#8f4814", [ "h0" ] ],
    [ "r4:2", "led9:A", "#8f4814", [ "v0", "h46.8" ] ],
    [ "led9:C", "chip1:OUT1", "black", [ "v0" ] ],
    [ "chip1:24V", "chip2:24V", "red", [ "h40.21", "v86.4", "h211.2", "v28.8" ] ]
  ],
  "dependencies": {}
}